cycle,source_w,reserve_w,total_bus_load_w,noncompute_w,compute_budget_w,jetson_allow_w,scheduler_mode,adcs_mode,adcs_power_w,comms_power_w,thermal_power_w,propulsion_power_w,payload_power_w,pi_power_w,jetson_power_w,jetson_mode,jetson_job_type,truth_pointing_err_deg,est_pointing_err_deg,tracker_conf,tracker_valid,tracked_stars,comms_mode,comms_backlog_bits,payload_mode,active_stage,active_stage_n,roi_count,processing_queue
0,119.605,20,63.011,40.011,44.6956,36.6956,0,"TRACKER_DEGRADED",13.011,4,2,15,6,8,15,"ACTIVE","refine",1.74179,0.0228489,0.103714,0,18,"READY",786672,"IDLE",1,128,8,4
1,119.241,20,64.0148,51.0148,36.1697,28.1697,0,"TRACKER_DEGRADED",13.0148,15,2,15,6,8,5,"THROTTLED","none",1.76471,0.0450153,0.241314,0,8,"DOWNLINK",778672,"IDLE",1,256,10,3
2,118.937,20,67.0269,54.0269,33.6825,25.6825,0,"CORRECTING",16.0269,15,2,15,6,8,5,"THROTTLED","none",1.78763,0.162324,0.676426,1,17,"DOWNLINK",770672,"IDLE",1,256,10,3
3,118.72,20,50.0331,37.0331,46.2651,38.2651,0,"TRACKER_DEGRADED",13.0331,15,2,1,6,8,5,"THROTTLED","none",1.81055,0.185837,0.389577,0,14,"DOWNLINK",762672,"IDLE",1,256,10,3
4,118.613,20,50.0398,37.0398,46.1801,38.1801,0,"TRACKER_DEGRADED",13.0398,15,2,1,6,8,5,"THROTTLED","none",1.83346,0.209209,0.368707,0,11,"DOWNLINK",754672,"IDLE",1,256,10,3
5,118.636,20,53.0515,40.0515,43.9383,35.9383,0,"CORRECTING",16.0515,15,2,1,6,8,5,"THROTTLED","none",1.85638,0.296094,0.490861,1,16,"DOWNLINK",746672,"IDLE",1,256,10,3
6,118.801,20,53.0656,40.0656,44.0518,36.0518,0,"CORRECTING",16.0656,15,2,1,6,8,5,"THROTTLED","none",1.8793,0.397417,0.62976,1,23,"DOWNLINK",738672,"IDLE",1,256,10,3
7,119.117,20,52.08,29.08,52.5278,44.5278,0,"CORRECTING",16.08,4,2,1,6,8,15,"ACTIVE","refine",1.90222,0.475793,0.463659,1,12,"STANDBY",3884640,"IDLE",2,256,10,3
8,119.584,20,52.0955,29.0955,52.8666,44.8666,0,"CORRECTING",16.0955,4,2,1,6,8,15,"ACTIVE","refine",1.92514,0.5512,0.451668,1,12,"STANDBY",16467792,"IDLE",3,512,12,2
9,120.198,20,47.1125,29.1125,53.3143,45.3143,1,"CORRECTING",16.1125,4,2,1,6,8,10,"ACTIVE","coarse",1.94806,0.637417,0.574023,1,15,"STANDBY",41633752,"IDLE",3,1024,14,1
10,120.948,20,39.1263,26.1263,56.1159,48.1159,1,"TRACKER_DEGRADED",13.1263,4,2,1,6,8,5,"IDLE","none",1.97097,0.660095,0.26597,0,8,"STANDBY",41633752,"IDLE",3,1024,14,1
11,121.815,20,39.1407,26.1407,56.7559,48.7559,1,"TRACKER_DEGRADED",13.1407,4,2,1,6,8,5,"IDLE","none",1.99389,0.682903,0.328897,0,9,"STANDBY",41633752,"IDLE",3,1024,14,1
12,122.779,20,42.1628,29.1628,55.2125,47.2125,1,"CORRECTING",16.1628,4,2,1,6,8,5,"IDLE","none",2.01681,0.805264,0.947838,1,24,"STANDBY",41633752,"IDLE",3,1024,14,1
13,123.814,20,39.1794,26.1794,58.2258,50.2258,1,"TRACKER_DEGRADED",13.1794,4,2,1,6,8,5,"IDLE","none",2.03973,0.828016,0.177444,0,10,"STANDBY",41633752,"IDLE",3,1024,14,1
14,124.889,20,42.2013,29.2013,56.7655,48.7655,1,"CORRECTING",16.2013,4,2,1,6,8,5,"IDLE","none",2.06265,0.912909,0.633314,1,16,"STANDBY",41633752,"IDLE",3,1024,14,1
15,125.972,20,39.2191,26.2191,59.8149,51.8149,1,"TRACKER_DEGRADED",13.2191,4,2,1,6,8,5,"IDLE","none",2.08557,0.934986,0.0950891,0,8,"STANDBY",41633752,"IDLE",3,1024,14,1
16,127.032,20,39.238,26.238,60.5958,52.5958,1,"TRACKER_DEGRADED",13.238,4,2,1,6,8,5,"IDLE","none",2.10848,0.957412,0.247517,0,7,"STANDBY",41633752,"IDLE",3,1024,14,1
17,128.037,20,42.2608,29.2608,59.0819,51.0819,1,"CORRECTING",16.2608,4,2,1,6,8,5,"IDLE","none",2.1314,1.02506,0.479849,1,13,"STANDBY",41633752,"IDLE",3,1024,14,1
18,128.955,20,42.2843,29.2843,59.7528,51.7528,1,"CORRECTING",16.2843,4,2,1,6,8,5,"IDLE","none",2.15432,1.09389,0.51614,1,13,"STANDBY",41633752,"IDLE",3,1024,14,1
19,129.759,20,39.3054,26.3054,62.5902,54.5902,1,"TRACKER_DEGRADED",13.3054,4,2,1,6,8,5,"IDLE","none",2.17724,1.11645,0.284974,0,12,"STANDBY",41633752,"IDLE",3,1024,14,1
20,130.426,20,42.3467,29.3467,60.8092,52.8092,1,"CORRECTING",16.3467,4,2,1,6,8,5,"IDLE","none",2.23463,1.21786,0.525415,1,15,"STANDBY",41633752,"READY",3,1024,14,1
21,130.936,20,42.3812,29.3812,61.1662,53.1662,1,"CORRECTING",16.3812,4,2,1,6,8,5,"IDLE","none",2.2922,1.35121,0.936284,1,24,"STANDBY",41633752,"READY",3,1024,14,1
22,131.277,20,42.4153,29.4153,61.3962,53.3962,1,"CORRECTING",16.4153,4,2,1,6,8,5,"IDLE","none",2.34994,1.44531,0.472939,1,13,"STANDBY",41633752,"READY",3,1024,14,1
23,131.441,20,42.451,29.451,61.4925,53.4925,1,"CORRECTING",16.451,4,2,1,6,8,5,"IDLE","none",2.40784,1.54825,0.620238,1,20,"STANDBY",41633752,"READY",3,1024,14,1
24,131.428,20,42.4887,29.4887,61.4542,53.4542,1,"CORRECTING",16.4887,4,2,1,6,8,5,"IDLE","none",2.46588,1.65785,0.757131,1,24,"STANDBY",41633752,"READY",3,1024,14,1
25,131.242,20,42.5281,29.5281,61.2857,53.2857,1,"CORRECTING",16.5281,4,2,1,6,8,5,"IDLE","none",2.52406,1.76009,0.67948,1,17,"STANDBY",41633752,"READY",3,1024,14,1
26,130.897,20,42.5685,29.5685,60.9962,52.9962,1,"CORRECTING",16.5685,4,2,1,6,8,5,"IDLE","none",2.58236,1.86126,0.710251,1,23,"STANDBY",41633752,"READY",3,1024,14,1
27,130.409,20,39.6088,26.6088,62.8499,54.8499,1,"TRACKER_DEGRADED",13.6088,4,2,1,6,8,5,"IDLE","none",2.64078,1.92148,0.178346,0,9,"STANDBY",41633752,"READY",3,1024,14,1
28,129.8,20,39.6485,26.6485,62.3637,54.3637,1,"TRACKER_DEGRADED",13.6485,4,2,1,6,8,5,"IDLE","none",2.69931,1.98029,0.366879,0,14,"STANDBY",41633752,"READY",3,1024,14,1
29,129.098,20,53.6925,40.6925,51.3038,43.3038,1,"CORRECTING",16.6925,15,2,1,6,8,5,"THROTTLED","none",2.75794,2.07682,0.646188,1,25,"DOWNLINK",41625752,"READY",3,1024,14,1
30,128.331,20,50.7348,37.7348,52.9469,44.9469,1,"TRACKER_DEGRADED",13.7348,15,2,1,6,8,5,"THROTTLED","none",2.81667,2.13539,0.145866,0,11,"DOWNLINK",41617752,"READY",3,1024,14,1
31,127.53,20,53.7819,40.7819,50.0614,42.0614,1,"CORRECTING",16.7819,15,2,1,6,8,5,"THROTTLED","none",2.87549,2.24222,0.879987,1,22,"DOWNLINK",41609752,"READY",3,1024,14,1
32,126.729,20,50.8272,37.8272,51.6762,43.6762,1,"TRACKER_DEGRADED",13.8272,15,2,1,6,8,5,"THROTTLED","none",2.9344,2.30139,0.171679,0,6,"DOWNLINK",41601752,"READY",3,1024,14,1
33,125.957,20,53.8757,40.8757,48.8109,40.8109,1,"CORRECTING",16.8757,15,2,1,6,8,5,"THROTTLED","none",2.99338,2.39021,0.581505,1,15,"DOWNLINK",41593752,"READY",3,1024,14,1
34,125.244,20,50.9232,37.9232,50.4906,42.4906,1,"TRACKER_DEGRADED",13.9232,15,2,1,6,8,5,"THROTTLED","none",3.05244,2.4494,0.265204,0,8,"DOWNLINK",41585752,"READY",3,1024,14,1
35,124.616,20,53.9743,40.9743,47.7314,39.7314,1,"CORRECTING",16.9743,15,2,1,6,8,5,"THROTTLED","none",3.11158,2.53978,0.628472,1,17,"DOWNLINK",41577752,"READY",3,1024,14,1
36,124.095,20,54.0262,41.0262,47.3019,39.3019,1,"CORRECTING",17.0262,15,2,1,6,8,5,"THROTTLED","none",3.17077,2.62521,0.554921,1,14,"DOWNLINK",41569752,"READY",3,1024,14,1
37,123.699,20,43.0797,30.0797,55.2142,47.2142,1,"CORRECTING",17.0797,4,2,1,6,8,5,"IDLE","none",3.23004,2.71742,0.747892,1,25,"STANDBY",41569752,"READY",3,1024,14,1
38,123.438,20,43.1356,30.1356,54.9764,46.9764,1,"CORRECTING",17.1356,4,2,1,6,8,5,"IDLE","none",3.28936,2.81399,0.877394,1,22,"STANDBY",41569752,"READY",3,1024,14,1
39,123.317,20,43.1908,30.1908,54.8446,46.8446,1,"CORRECTING",17.1908,4,2,1,6,8,5,"IDLE","none",3.34874,2.89182,0.478588,1,12,"STANDBY",41569752,"READY",3,1024,14,1
40,123.336,20,40.2466,27.2466,57.067,49.067,1,"TRACKER_DEGRADED",14.2466,4,2,1,6,8,5,"IDLE","none",3.40817,2.9521,0.199985,0,5,"STANDBY",41569752,"READY",3,1024,14,1
41,123.487,20,43.305,30.305,54.8867,46.8867,1,"CORRECTING",17.305,4,2,1,6,8,5,"IDLE","none",3.46766,3.04158,0.823252,1,22,"STANDBY",41569752,"READY",3,1024,14,1
42,123.758,20,40.3631,27.3631,57.2959,49.2959,1,"TRACKER_DEGRADED",14.3631,4,2,1,6,8,5,"IDLE","none",3.52719,3.10166,0.204721,0,7,"STANDBY",41569752,"READY",3,1024,14,1
43,124.128,20,40.422,27.422,57.5297,49.5297,1,"TRACKER_DEGRADED",14.422,4,2,1,6,8,5,"IDLE","none",3.58677,3.16196,0.444778,0,15,"STANDBY",41569752,"READY",3,1024,14,1
44,124.576,20,40.4649,27.4649,57.8334,49.8334,1,"TRACKER_DEGRADED",14.4649,4,2,1,6,8,5,"IDLE","none",3.60947,3.18441,0.333277,0,15,"STANDBY",41569752,"READY",3,1024,14,1
45,125.074,20,43.5208,30.5208,55.915,47.915,1,"CORRECTING",17.5208,4,2,1,6,8,5,"IDLE","none",3.63217,3.22421,0.498797,1,14,"STANDBY",41569752,"READY",3,1024,14,1
46,125.593,20,43.5771,30.5771,56.2617,48.2617,1,"CORRECTING",17.5771,4,2,1,6,8,5,"IDLE","none",3.65487,3.26487,0.55174,1,16,"STANDBY",41569752,"READY",3,1024,14,1
47,126.101,20,40.6328,27.6328,58.8511,50.8511,1,"TRACKER_DEGRADED",14.6328,4,2,1,6,8,5,"IDLE","none",3.67758,3.28736,0.272155,0,7,"STANDBY",41569752,"READY",3,1024,14,1
48,126.568,20,40.6887,27.6887,59.1595,51.1595,1,"TRACKER_DEGRADED",14.6887,4,2,1,6,8,5,"IDLE","none",3.70029,3.3095,0.236199,0,11,"STANDBY",41569752,"READY",3,1024,14,1
49,126.964,20,50.7453,37.7453,51.914,43.914,1,"TRACKER_DEGRADED",14.7453,4,12,1,6,8,5,"IDLE","none",3.723,3.33197,0.255212,0,9,"STANDBY",41569752,"READY",3,1024,14,1
50,127.261,20,40.8021,27.8021,59.5941,51.5941,1,"TRACKER_DEGRADED",14.8021,4,2,1,6,8,5,"IDLE","none",3.74572,3.35442,0.362056,0,20,"STANDBY",41569752,"READY",3,1024,14,1
51,127.435,20,40.8591,27.8591,59.6821,51.6821,1,"TRACKER_DEGRADED",14.8591,4,2,1,6,8,5,"IDLE","none",3.76844,3.3766,0.225232,0,19,"STANDBY",41569752,"READY",3,1024,14,1
52,127.467,20,40.9168,27.9168,59.6629,51.6629,1,"TRACKER_DEGRADED",14.9168,4,2,1,6,8,5,"IDLE","none",3.79116,3.3991,0.0572618,0,20,"STANDBY",41569752,"READY",3,1024,14,1
53,127.343,20,40.9749,27.9749,59.5259,51.5259,1,"TRACKER_DEGRADED",14.9749,4,2,1,6,8,5,"IDLE","none",3.81388,3.42212,0.358883,0,20,"STANDBY",41569752,"READY",3,1024,14,1
54,127.053,20,44.0344,31.0344,57.0142,49.0142,1,"CORRECTING",18.0344,4,2,1,6,8,5,"IDLE","none",3.83661,3.46307,0.59653,1,21,"STANDBY",41569752,"READY",3,1024,14,1
55,126.597,20,54.0947,41.0947,49.1265,41.1265,1,"CORRECTING",18.0947,4,12,1,6,8,5,"IDLE","none",3.85933,3.50685,0.737488,1,25,"STANDBY",41569752,"READY",3,1024,14,1
56,125.977,20,41.1545,28.1545,58.367,50.367,1,"TRACKER_DEGRADED",15.1545,4,2,1,6,8,5,"IDLE","none",3.88206,3.52919,0.319125,0,8,"STANDBY",41569752,"READY",3,1024,14,1
57,125.205,20,41.2145,28.2145,57.7431,49.7431,1,"TRACKER_DEGRADED",15.2145,4,2,1,6,8,5,"IDLE","none",3.90479,3.55159,0.148945,0,5,"STANDBY",41569752,"READY",3,1024,14,1
58,124.297,20,41.2751,28.2751,57.0168,49.0168,1,"TRACKER_DEGRADED",15.2751,4,2,1,6,8,5,"IDLE","none",3.92753,3.57432,0.176837,0,6,"STANDBY",41569752,"READY",3,1024,14,1
59,123.275,20,55.3372,42.3372,45.7035,37.7035,1,"CORRECTING",18.3372,15,2,1,6,8,5,"THROTTLED","none",3.95026,3.61982,0.828652,1,22,"DOWNLINK",41561752,"READY",3,1024,14,1
60,122.165,20,55.4004,42.4004,44.8232,36.8232,1,"CORRECTING",18.4004,15,2,1,6,8,5,"THROTTLED","none",3.973,3.65964,0.635891,1,20,"DOWNLINK",41553752,"READY",3,1024,14,1
61,120.995,20,62.4628,49.4628,38.6492,30.6492,1,"TRACKER_DEGRADED",15.4628,15,12,1,6,8,5,"THROTTLED","none",3.99574,3.68307,0.397602,0,10,"DOWNLINK",41545752,"READY",3,1024,14,1
62,119.798,20,55.5262,42.5262,42.954,34.954,1,"CORRECTING",18.5262,15,2,1,6,8,5,"THROTTLED","none",4.01848,3.71949,0.550202,1,14,"DOWNLINK",41537752,"READY",3,1024,14,1
63,118.607,20,55.5905,42.5905,42.0123,34.0123,1,"CORRECTING",18.5905,15,2,1,6,8,5,"THROTTLED","none",4.04123,3.76229,0.86478,1,23,"DOWNLINK",41529752,"READY",3,1024,14,1
64,117.454,20,55.6561,42.6561,41.0982,33.0982,1,"CORRECTING",18.6561,15,2,1,6,8,5,"THROTTLED","none",4.06397,3.80465,0.872242,1,22,"DOWNLINK",41521752,"READY",3,1024,14,1
65,116.37,20,55.7179,42.7179,40.2389,32.2389,1,"CORRECTING",18.7179,15,2,1,6,8,5,"THROTTLED","none",4.07421,3.83147,0.793895,1,21,"DOWNLINK",41513752,"READY",3,1024,14,1
66,115.383,20,55.7825,42.7825,39.4506,31.4506,1,"CORRECTING",18.7825,15,2,1,6,8,5,"THROTTLED","none",4.08492,3.85727,0.792206,1,23,"DOWNLINK",41505752,"READY",3,1024,14,1
67,114.519,20,54.8477,41.8477,39.5035,31.5035,1,"CORRECTING",18.8477,4,12,1,6,8,5,"IDLE","none",4.09609,3.88539,0.959947,1,24,"STANDBY",41505752,"READY",3,1024,14,1
68,113.797,20,41.9124,28.9124,48.6633,40.6633,1,"TRACKER_DEGRADED",15.9124,4,2,1,6,8,5,"IDLE","none",4.10772,3.89679,0.391447,0,12,"STANDBY",41505752,"READY",3,1024,14,1
69,113.231,20,41.9774,28.9774,48.1904,40.1904,1,"TRACKER_DEGRADED",15.9774,4,2,1,6,8,5,"IDLE","none",4.11981,3.90898,0.219629,0,13,"STANDBY",41505752,"READY",3,1024,14,1
70,112.831,20,45.0431,32.0431,45.5907,37.5907,1,"CORRECTING",19.0431,4,2,1,6,8,5,"IDLE","none",4.13235,3.93137,0.599993,1,15,"STANDBY",41505752,"READY",3,1024,14,1
71,112.597,20,42.1085,29.1085,47.6165,39.6165,1,"TRACKER_DEGRADED",16.1085,4,2,1,6,8,5,"IDLE","none",4.14534,3.94408,0.357831,0,11,"STANDBY",41505752,"READY",3,1024,14,1
72,112.527,20,42.1745,29.1745,47.514,39.514,1,"TRACKER_DEGRADED",16.1745,4,2,1,6,8,5,"IDLE","none",4.15878,3.958,0.311774,0,8,"STANDBY",41505752,"READY",3,1024,14,1
73,112.608,20,52.24,39.24,40.0262,32.0262,1,"TRACKER_DEGRADED",16.24,4,12,1,6,8,5,"IDLE","none",4.17266,3.9713,0.431341,0,11,"STANDBY",41505752,"READY",3,1024,14,1
74,112.826,20,42.3067,29.3067,47.6398,39.6398,1,"TRACKER_DEGRADED",16.3067,4,2,1,6,8,5,"IDLE","none",4.18697,3.9863,0.204059,0,10,"STANDBY",41505752,"READY",3,1024,14,1
75,113.16,20,42.3729,29.3729,47.84,39.84,1,"TRACKER_DEGRADED",16.3729,4,2,1,6,8,5,"IDLE","none",4.20171,4.0011,0.0966948,0,11,"STANDBY",41505752,"READY",3,1024,14,1
76,113.583,20,45.4408,32.4408,45.8563,37.8563,1,"CORRECTING",19.4408,4,2,1,6,8,5,"IDLE","none",4.21688,4.03144,0.920574,1,24,"STANDBY",41505752,"READY",3,1024,14,1
77,114.067,20,45.5082,32.5082,46.169,38.169,1,"CORRECTING",19.5082,4,2,1,6,8,5,"IDLE","none",4.23248,4.05573,0.606567,1,20,"STANDBY",41505752,"READY",3,1024,14,1
78,114.582,20,45.5765,32.5765,46.5042,38.5042,1,"CORRECTING",19.5765,4,2,1,6,8,5,"IDLE","none",4.24849,4.0826,0.782308,1,20,"STANDBY",41505752,"READY",3,1024,14,1
79,115.097,20,52.6447,39.6447,41.5894,33.5894,1,"TRACKER_DEGRADED",16.6447,4,12,1,6,8,5,"IDLE","none",4.26491,4.09965,0.292497,0,23,"STANDBY",41505752,"READY",3,1024,14,1
