cycle,source_w,reserve_w,total_bus_load_w,noncompute_w,compute_budget_w,jetson_allow_w,scheduler_mode,adcs_mode,adcs_power_w,wheel_power_w,comms_power_w,thermal_power_w,propulsion_power_w,payload_power_w,pi_power_w,jetson_power_w,jetson_mode,jetson_job_type,truth_pointing_err_deg,est_pointing_err_deg,tracker_conf,tracker_valid,tracked_stars,comms_mode,comms_backlog_bits,payload_mode,payload_active,dataset_ready,dataset_id,dataset_count,acquisition_stage,active_stage,active_stage_n,roi_count,processing_queue,thermal_mode,heater_active,thermal_temp_c,propulsion_mode,propulsion_active,propulsion_thrust_n,camera_mode,camera_frame_ready,alignment_valid,alignment_score,blur_score,brightness_mean,contrast_score,raw_capture_path,rectified_image_path
0,119.605,20,53.0211,44.0211,41.688,37.688,0,"TRACKER_DEGRADED",13.0211,4.0211,4,2,15,10,4,5,"IDLE","none",1.76288,0.043915,0.103714,0,18,"READY",0,"ACQUIRE",1,0,"",0,1,0,-1,0,0,"PASSIVE",0,17.97,"CORRECTION_BURN",1,0.12,"image_file",0,0,0,0,0,0,"",""
1,119.241,20,53.0355,44.0355,41.4041,37.4041,0,"TRACKER_DEGRADED",13.0355,4.03553,4,2,15,10,4,5,"IDLE","none",1.82116,0.101452,0.241314,0,8,"READY",0,"ACQUIRE",1,0,"",0,2,0,-1,0,0,"PASSIVE",0,17.94,"CORRECTION_BURN",1,0.12,"image_file",0,0,0,0,0,0,"",""
2,118.937,20,66.0595,43.0595,41.9081,33.9081,0,"CORRECTING",16.0595,4.05953,4,2,15,6,8,15,"ACTIVE","refine",1.89022,0.264909,0.676426,1,17,"READY",0,"READY",0,1,"dataset_0",1,3,1,128,8,4,"PASSIVE",0,17.91,"CORRECTION_BURN",1,0.12,"image_file",1,1,0.502268,0.0126389,0.499568,0.219298,"out_profile/full_demo/datasets/dataset_0/raw_capture_from_file.ppm","out_profile/full_demo/datasets/dataset_0/rectified_input.ppm"
3,118.72,20,50.0777,37.0777,46.2317,38.2317,0,"TRACKER_DEGRADED",13.0777,4.07767,15,2,1,6,8,5,"THROTTLED","none",1.96502,0.340314,0.389577,0,14,"DOWNLINK",778672,"IDLE",0,0,"dataset_0",1,0,1,256,10,3,"PASSIVE",0,17.88,"IDLE",0,0,"image_file",0,0,0,0,0,0,"",""
4,118.613,20,50.0971,37.0971,46.1372,38.1372,0,"TRACKER_DEGRADED",13.0971,4.09707,15,2,1,6,8,5,"THROTTLED","none",2.04331,0.419052,0.368706,0,11,"DOWNLINK",770672,"IDLE",0,0,"dataset_0",1,0,1,256,10,3,"PASSIVE",0,17.85,"IDLE",0,0,"image_file",0,0,0,0,0,0,"",""
5,118.636,20,53.1219,40.1219,43.8856,35.8856,0,"CORRECTING",16.1219,4.12191,15,2,1,6,8,5,"THROTTLED","none",2.12309,0.562793,0.490862,1,16,"DOWNLINK",762672,"IDLE",0,0,"dataset_0",1,0,1,256,10,3,"PASSIVE",0,17.82,"IDLE",0,0,"image_file",0,0,0,0,0,0,"",""
6,118.801,20,53.1489,40.1489,43.9893,35.9893,0,"CORRECTING",16.1489,4.14894,15,2,1,6,8,5,"THROTTLED","none",2.20157,0.719683,0.62976,1,23,"DOWNLINK",754672,"IDLE",0,0,"dataset_0",1,0,1,256,10,3,"PASSIVE",0,17.79,"IDLE",0,0,"image_file",0,0,0,0,0,0,"",""
7,119.117,20,52.1758,29.1758,52.4559,44.4559,0,"CORRECTING",16.1758,4.17581,4,2,1,6,8,15,"ACTIVE","refine",2.27627,0.849843,0.463658,1,12,"STANDBY",754672,"IDLE",0,0,"dataset_0",1,0,2,256,10,3,"PASSIVE",0,17.76,"IDLE",0,0,"image_file",0,0,0,0,0,0,"",""
8,119.584,20,52.2031,29.2031,52.7859,44.7859,0,"CORRECTING",16.2031,4.20313,4,2,1,6,8,15,"ACTIVE","refine",2.34551,0.971573,0.451668,1,12,"STANDBY",3900640,"IDLE",0,0,"dataset_0",1,0,3,512,12,2,"PASSIVE",0,17.73,"IDLE",0,0,"image_file",0,0,0,0,0,0,"",""
9,120.198,20,47.2313,29.2313,53.2252,45.2252,1,"CORRECTING",16.2313,4.23127,4,2,1,6,8,10,"ACTIVE","coarse",2.40809,1.09744,0.574024,1,15,"STANDBY",16483792,"IDLE",0,0,"dataset_0",1,0,3,1024,14,1,"PASSIVE",0,17.7,"IDLE",0,0,"image_file",0,0,0,0,0,0,"",""
10,120.948,20,39.2553,26.2553,56.0191,48.0191,1,"TRACKER_DEGRADED",13.2553,4.25532,4,2,1,6,8,5,"IDLE","none",2.46304,1.15215,0.26597,0,8,"STANDBY",41649752,"IDLE",0,0,"dataset_0",1,0,3,1024,14,1,"PASSIVE",0,17.67,"IDLE",0,0,"image_file",0,0,0,0,0,0,"",""
11,121.815,20,39.2794,26.2794,56.6519,48.6519,1,"TRACKER_DEGRADED",13.2794,4.27945,4,2,1,6,8,5,"IDLE","none",2.51082,1.19982,0.328897,0,9,"STANDBY",41649752,"IDLE",0,0,"dataset_0",1,0,3,1024,14,1,"PASSIVE",0,17.64,"IDLE",0,0,"image_file",0,0,0,0,0,0,"",""
12,122.779,20,42.3106,29.3106,55.1017,47.1017,1,"CORRECTING",16.3106,4.31061,4,2,1,6,8,5,"IDLE","none",2.55186,1.34031,0.947838,1,24,"STANDBY",41649752,"IDLE",0,0,"dataset_0",1,0,3,1024,14,1,"PASSIVE",0,17.61,"IDLE",0,0,"image_file",0,0,0,0,0,0,"",""
13,123.814,20,39.335,26.335,58.1091,50.1091,1,"TRACKER_DEGRADED",13.335,4.33498,4,2,1,6,8,5,"IDLE","none",2.58488,1.37316,0.177444,0,10,"STANDBY",41649752,"IDLE",0,0,"dataset_0",1,0,3,1024,14,1,"PASSIVE",0,17.58,"IDLE",0,0,"image_file",0,0,0,0,0,0,"",""
14,124.889,20,42.3639,29.3639,56.6436,48.6436,1,"CORRECTING",16.3639,4.36387,4,2,1,6,8,5,"IDLE","none",2.61075,1.46101,0.633314,1,16,"STANDBY",41649752,"IDLE",0,0,"dataset_0",1,0,3,1024,14,1,"PASSIVE",0,17.55,"IDLE",0,0,"image_file",0,0,0,0,0,0,"",""
15,125.972,20,39.3875,26.3875,59.6887,51.6887,1,"TRACKER_DEGRADED",13.3875,4.38745,4,2,1,6,8,5,"IDLE","none",2.62914,1.47856,0.0950891,0,8,"STANDBY",41649752,"IDLE",0,0,"dataset_0",1,0,3,1024,14,1,"PASSIVE",0,17.52,"IDLE",0,0,"image_file",0,0,0,0,0,0,"",""
16,127.032,20,39.4113,26.4113,60.4658,52.4658,1,"TRACKER_DEGRADED",13.4113,4.41129,4,2,1,6,8,5,"IDLE","none",2.64122,1.49014,0.247517,0,7,"STANDBY",41649752,"IDLE",0,0,"dataset_0",1,0,3,1024,14,1,"PASSIVE",0,17.49,"IDLE",0,0,"image_file",0,0,0,0,0,0,"",""
17,128.037,20,42.4383,29.4383,58.9488,50.9488,1,"CORRECTING",16.4383,4.43831,4,2,1,6,8,5,"IDLE","none",2.64788,1.54153,0.479849,1,13,"STANDBY",41649752,"IDLE",0,0,"dataset_0",1,0,3,1024,14,1,"PASSIVE",0,17.46,"IDLE",0,0,"image_file",0,0,0,0,0,0,"",""
18,128.955,20,42.4649,29.4649,59.6174,51.6174,1,"CORRECTING",16.4649,4.46488,4,2,1,6,8,5,"IDLE","none",2.64908,1.58864,0.51614,1,13,"STANDBY",41649752,"IDLE",0,0,"dataset_0",1,0,3,1024,14,1,"PASSIVE",0,17.43,"IDLE",0,0,"image_file",0,0,0,0,0,0,"",""
19,129.759,20,39.4879,26.4879,62.4533,54.4533,1,"TRACKER_DEGRADED",13.4879,4.4879,4,2,1,6,8,5,"IDLE","none",2.64499,1.5842,0.284974,0,12,"STANDBY",41649752,"IDLE",0,0,"dataset_0",1,0,3,1024,14,1,"PASSIVE",0,17.4,"IDLE",0,0,"image_file",0,0,0,0,0,0,"",""
20,130.426,20,42.5303,29.5303,60.6715,52.6715,1,"CORRECTING",16.5303,4.53031,4,2,1,6,8,5,"IDLE","none",2.67116,1.65433,0.525415,1,15,"STANDBY",41649752,"IDLE",0,0,"dataset_0",1,0,3,1024,14,1,"PASSIVE",0,17.37,"IDLE",0,0,"image_file",0,0,0,0,0,0,"",""
21,130.936,20,42.578,29.578,61.0185,53.0185,1,"CORRECTING",16.578,4.57801,4,2,1,6,8,5,"IDLE","none",2.72134,1.78038,0.936284,1,24,"STANDBY",41649752,"IDLE",0,0,"dataset_0",1,0,3,1024,14,1,"PASSIVE",0,17.34,"IDLE",0,0,"image_file",0,0,0,0,0,0,"",""
22,131.277,20,46.6261,33.6261,58.2381,50.2381,1,"CORRECTING",16.6261,4.62607,4,2,1,10,8,5,"IDLE","none",2.7896,1.88542,0.472939,1,13,"STANDBY",41649752,"ACQUIRE",1,0,"dataset_0",1,1,3,1024,14,1,"PASSIVE",0,17.31,"IDLE",0,0,"image_file",0,0,0,0,0,0,"",""
23,131.441,20,46.6762,33.6762,58.3236,50.3236,1,"CORRECTING",16.6762,4.67618,4,2,1,10,8,5,"IDLE","none",2.87138,2.01306,0.620238,1,20,"STANDBY",41649752,"ACQUIRE",1,0,"dataset_0",1,2,3,1024,14,1,"PASSIVE",0,17.28,"IDLE",0,0,"image_file",0,0,0,0,0,0,"",""
24,131.428,20,42.7286,29.7286,61.2742,53.2742,1,"CORRECTING",16.7286,4.72863,4,2,1,6,8,5,"IDLE","none",2.96261,2.15699,0.757131,1,24,"STANDBY",41649752,"READY",0,1,"dataset_1",2,3,3,1024,14,1,"PASSIVE",0,17.25,"IDLE",0,0,"image_file",1,1,0.502268,0.0126389,0.499568,0.219298,"out_profile/full_demo/datasets/dataset_1/raw_capture_from_file.ppm","out_profile/full_demo/datasets/dataset_1/rectified_input.ppm"
25,131.242,20,42.7827,29.7827,61.0947,53.0947,1,"CORRECTING",16.7827,4.78273,4,2,1,6,8,5,"IDLE","none",3.05959,2.29936,0.67948,1,17,"STANDBY",41649752,"IDLE",0,0,"dataset_1",2,0,3,1024,14,1,"PASSIVE",0,17.22,"IDLE",0,0,"image_file",0,0,0,0,0,0,"",""
26,130.897,20,42.8375,29.8375,60.7945,52.7945,1,"CORRECTING",16.8375,4.83754,4,2,1,6,8,5,"IDLE","none",3.15905,2.44308,0.710252,1,23,"STANDBY",41649752,"IDLE",0,0,"dataset_1",2,0,3,1024,14,1,"PASSIVE",0,17.19,"IDLE",0,0,"image_file",0,0,0,0,0,0,"",""
27,130.409,20,39.8917,26.8917,62.6377,54.6377,1,"TRACKER_DEGRADED",13.8917,4.8917,4,2,1,6,8,5,"IDLE","none",3.25834,2.54601,0.178346,0,9,"STANDBY",41649752,"IDLE",0,0,"dataset_1",2,0,3,1024,14,1,"PASSIVE",0,17.16,"IDLE",0,0,"image_file",0,0,0,0,0,0,"",""
28,129.8,20,39.9448,26.9448,62.1415,54.1415,1,"TRACKER_DEGRADED",13.9448,4.94482,4,2,1,6,8,5,"IDLE","none",3.35561,2.64558,0.366879,0,14,"STANDBY",41649752,"IDLE",0,0,"dataset_1",2,0,3,1024,14,1,"PASSIVE",0,17.13,"IDLE",0,0,"image_file",0,0,0,0,0,0,"",""
29,129.098,20,54.0018,41.0018,51.0718,43.0718,1,"CORRECTING",17.0018,5.00185,15,2,1,6,8,5,"THROTTLED","none",3.44975,2.77904,0.646188,1,25,"DOWNLINK",41641752,"IDLE",0,0,"dataset_1",2,0,3,1024,14,1,"PASSIVE",0,17.1,"IDLE",0,0,"image_file",0,0,0,0,0,0,"",""
30,128.331,20,51.0562,38.0562,52.7058,44.7058,1,"TRACKER_DEGRADED",14.0562,5.05619,15,2,1,6,8,5,"THROTTLED","none",3.53895,2.87012,0.145866,0,11,"DOWNLINK",41633752,"IDLE",0,0,"dataset_1",2,0,3,1024,14,1,"PASSIVE",0,17.07,"IDLE",0,0,"image_file",0,0,0,0,0,0,"",""
31,127.53,20,54.1147,41.1147,49.8118,41.8118,1,"CORRECTING",17.1147,5.11469,15,2,1,6,8,5,"THROTTLED","none",3.62265,3.00255,0.879987,1,22,"DOWNLINK",41625752,"IDLE",0,0,"dataset_1",2,0,3,1024,14,1,"PASSIVE",0,17.04,"IDLE",0,0,"image_file",0,0,0,0,0,0,"",""
32,126.729,20,51.1702,38.1702,51.4189,43.4189,1,"TRACKER_DEGRADED",14.1702,5.17017,15,2,1,6,8,5,"THROTTLED","none",3.69948,3.08127,0.171679,0,6,"DOWNLINK",41617752,"IDLE",0,0,"dataset_1",2,0,3,1024,14,1,"PASSIVE",0,17.01,"IDLE",0,0,"image_file",0,0,0,0,0,0,"",""
33,125.957,20,54.2278,41.2278,48.5468,40.5468,1,"CORRECTING",17.2278,5.2278,15,2,1,6,8,5,"THROTTLED","none",3.76929,3.18145,0.581505,1,15,"DOWNLINK",41609752,"IDLE",0,0,"dataset_1",2,0,3,1024,14,1,"PASSIVE",0,16.98,"IDLE",0,0,"image_file",0,0,0,0,0,0,"",""
34,125.244,20,51.2833,38.2833,50.2205,42.2205,1,"TRACKER_DEGRADED",14.2833,5.28326,15,2,1,6,8,5,"THROTTLED","none",3.83156,3.24498,0.265204,0,8,"DOWNLINK",41601752,"IDLE",0,0,"dataset_1",2,0,3,1024,14,1,"PASSIVE",0,16.95,"IDLE",0,0,"image_file",0,0,0,0,0,0,"",""
35,124.616,20,54.3412,41.3412,47.4562,39.4562,1,"CORRECTING",17.3412,5.3412,15,2,1,6,8,5,"THROTTLED","none",3.88656,3.33139,0.628472,1,17,"DOWNLINK",41593752,"IDLE",0,0,"dataset_1",2,0,3,1024,14,1,"PASSIVE",0,16.92,"IDLE",0,0,"image_file",0,0,0,0,0,0,"",""
36,124.095,20,54.3986,41.3986,47.0226,39.0226,1,"CORRECTING",17.3986,5.39863,15,2,1,6,8,5,"THROTTLED","none",3.93396,3.40495,0.55492,1,14,"DOWNLINK",41585752,"IDLE",0,0,"dataset_1",2,0,3,1024,14,1,"PASSIVE",0,16.89,"IDLE",0,0,"image_file",0,0,0,0,0,0,"",""
37,123.699,20,43.4562,30.4562,54.9319,46.9319,1,"CORRECTING",17.4562,5.45621,4,2,1,6,8,5,"IDLE","none",3.97384,3.47735,0.747892,1,25,"STANDBY",41585752,"IDLE",0,0,"dataset_1",2,0,3,1024,14,1,"PASSIVE",0,16.86,"IDLE",0,0,"image_file",0,0,0,0,0,0,"",""
38,123.438,20,43.5147,30.5147,54.6921,46.6921,1,"CORRECTING",17.5147,5.51471,4,2,1,6,8,5,"IDLE","none",4.00633,3.54636,0.877394,1,22,"STANDBY",41585752,"IDLE",0,0,"dataset_1",2,0,3,1024,14,1,"PASSIVE",0,16.83,"IDLE",0,0,"image_file",0,0,0,0,0,0,"",""
39,123.317,20,43.5709,30.5709,54.5595,46.5595,1,"CORRECTING",17.5709,5.57091,4,2,1,6,8,5,"IDLE","none",4.03141,3.58987,0.478588,1,12,"STANDBY",41585752,"IDLE",0,0,"dataset_1",2,0,3,1024,14,1,"PASSIVE",0,16.8,"IDLE",0,0,"image_file",0,0,0,0,0,0,"",""
40,123.336,20,40.6262,27.6262,56.7823,48.7823,1,"TRACKER_DEGRADED",14.6262,5.62625,4,2,1,6,8,5,"IDLE","none",4.04974,3.60964,0.199985,0,5,"STANDBY",41585752,"IDLE",0,0,"dataset_1",2,0,3,1024,14,1,"PASSIVE",0,16.77,"IDLE",0,0,"image_file",0,0,0,0,0,0,"",""
41,123.487,20,43.6829,30.6829,54.6033,46.6033,1,"CORRECTING",17.6829,5.68287,4,2,1,6,8,5,"IDLE","none",4.06211,3.65125,0.823252,1,22,"STANDBY",41585752,"IDLE",0,0,"dataset_1",2,0,3,1024,14,1,"PASSIVE",0,16.74,"IDLE",0,0,"image_file",0,0,0,0,0,0,"",""
42,123.758,20,40.7378,27.7378,57.0149,49.0149,1,"TRACKER_DEGRADED",14.7378,5.7378,4,2,1,6,8,5,"IDLE","none",4.06896,3.65873,0.204721,0,7,"STANDBY",41585752,"IDLE",0,0,"dataset_1",2,0,3,1024,14,1,"PASSIVE",0,16.71,"IDLE",0,0,"image_file",0,0,0,0,0,0,"",""
43,124.128,20,40.7921,27.7921,57.2522,49.2522,1,"TRACKER_DEGRADED",14.7921,5.79209,4,2,1,6,8,5,"IDLE","none",4.07109,3.66182,0.444778,0,15,"STANDBY",41585752,"IDLE",0,0,"dataset_1",2,0,3,1024,14,1,"PASSIVE",0,16.68,"IDLE",0,0,"image_file",0,0,0,0,0,0,"",""
44,124.576,20,44.8292,31.8292,54.5602,46.5602,1,"TRACKER_DEGRADED",14.8292,5.82923,4,2,1,10,8,5,"IDLE","none",4.03036,3.62096,0.333277,0,15,"STANDBY",41585752,"ACQUIRE",1,0,"dataset_1",2,1,3,1024,14,1,"PASSIVE",0,16.65,"IDLE",0,0,"image_file",0,0,0,0,0,0,"",""
45,125.074,20,47.8648,34.8648,52.657,44.657,1,"CORRECTING",17.8648,5.86479,4,2,1,10,8,5,"IDLE","none",3.95518,3.56207,0.498797,1,14,"STANDBY",41585752,"ACQUIRE",1,0,"dataset_1",2,2,3,1024,14,1,"PASSIVE",0,16.62,"IDLE",0,0,"image_file",0,0,0,0,0,0,"",""
46,125.593,20,43.8974,30.8974,56.0214,48.0214,1,"CORRECTING",17.8974,5.89743,4,2,1,6,8,5,"IDLE","none",3.85275,3.47662,0.55174,1,16,"STANDBY",41585752,"READY",0,1,"dataset_2",3,3,3,1024,14,1,"PASSIVE",0,16.59,"IDLE",0,0,"image_file",1,1,0.502268,0.0126389,0.499568,0.219298,"out_profile/full_demo/datasets/dataset_2/raw_capture_from_file.ppm","out_profile/full_demo/datasets/dataset_2/rectified_input.ppm"
47,126.101,20,40.9264,27.9264,58.631,50.631,1,"TRACKER_DEGRADED",14.9264,5.92639,4,2,1,6,8,5,"IDLE","none",3.72952,3.35261,0.272155,0,7,"STANDBY",41585752,"IDLE",0,0,"dataset_2",3,0,3,1024,14,1,"PASSIVE",0,16.56,"IDLE",0,0,"image_file",0,0,0,0,0,0,"",""
48,126.568,20,40.9529,27.9529,58.9613,50.9613,1,"TRACKER_DEGRADED",14.9529,5.9529,4,2,1,6,8,5,"IDLE","none",3.59153,3.2134,0.236199,0,11,"STANDBY",41585752,"IDLE",0,0,"dataset_2",3,0,3,1024,14,1,"PASSIVE",0,16.53,"IDLE",0,0,"image_file",0,0,0,0,0,0,"",""
49,126.964,20,50.9777,37.9777,51.7396,43.7396,1,"TRACKER_DEGRADED",14.9777,5.97773,4,12,1,6,8,5,"IDLE","none",3.444,3.0649,0.255212,0,9,"STANDBY",41585752,"IDLE",0,0,"dataset_2",3,0,3,1024,14,1,"HEATING",1,16.68,"IDLE",0,0,"image_file",0,0,0,0,0,0,"",""
50,127.261,20,41.0008,28.0008,59.4451,51.4451,1,"TRACKER_DEGRADED",15.0008,6.00084,4,2,1,6,8,5,"IDLE","none",3.29134,2.91095,0.362055,0,20,"STANDBY",41585752,"IDLE",0,0,"dataset_2",3,0,3,1024,14,1,"PASSIVE",0,16.65,"IDLE",0,0,"image_file",0,0,0,0,0,0,"",""
51,127.435,20,41.0223,28.0223,59.5597,51.5597,1,"TRACKER_DEGRADED",15.0223,6.02234,4,2,1,6,8,5,"IDLE","none",3.13733,2.75532,0.225232,0,19,"STANDBY",41585752,"IDLE",0,0,"dataset_2",3,0,3,1024,14,1,"PASSIVE",0,16.62,"IDLE",0,0,"image_file",0,0,0,0,0,0,"",""
52,127.467,20,41.043,28.043,59.5683,51.5683,1,"TRACKER_DEGRADED",15.043,6.04296,4,2,1,6,8,5,"IDLE","none",2.98512,2.60166,0.0572618,0,20,"STANDBY",41585752,"IDLE",0,0,"dataset_2",3,0,3,1024,14,1,"PASSIVE",0,16.59,"IDLE",0,0,"image_file",0,0,0,0,0,0,"",""
53,127.343,20,41.0627,28.0627,59.4601,51.4601,1,"TRACKER_DEGRADED",15.0627,6.06268,4,2,1,6,8,5,"IDLE","none",2.8372,2.45281,0.358883,0,20,"STANDBY",41585752,"IDLE",0,0,"dataset_2",3,0,3,1024,14,1,"PASSIVE",0,16.56,"IDLE",0,0,"image_file",0,0,0,0,0,0,"",""
54,127.053,20,44.0826,31.0826,56.978,48.978,1,"CORRECTING",18.0826,6.08255,4,2,1,6,8,5,"IDLE","none",2.69551,2.3277,0.59653,1,21,"STANDBY",41585752,"IDLE",0,0,"dataset_2",3,0,3,1024,14,1,"PASSIVE",0,16.53,"IDLE",0,0,"image_file",0,0,0,0,0,0,"",""
55,126.597,20,54.1022,41.1022,49.1208,41.1208,1,"CORRECTING",18.1022,6.10224,4,12,1,6,8,5,"IDLE","none",2.56132,2.2129,0.737488,1,25,"STANDBY",41585752,"IDLE",0,0,"dataset_2",3,0,3,1024,14,1,"HEATING",1,16.68,"IDLE",0,0,"image_file",0,0,0,0,0,0,"",""
56,125.977,20,41.1205,28.1205,58.3925,50.3925,1,"TRACKER_DEGRADED",15.1205,6.1205,4,2,1,6,8,5,"IDLE","none",2.43548,2.0855,0.319125,0,8,"STANDBY",41585752,"IDLE",0,0,"dataset_2",3,0,3,1024,14,1,"PASSIVE",0,16.65,"IDLE",0,0,"image_file",0,0,0,0,0,0,"",""
57,125.205,20,41.1381,28.1381,57.8004,49.8004,1,"TRACKER_DEGRADED",15.1381,6.13815,4,2,1,6,8,5,"IDLE","none",2.31877,1.96739,0.148945,0,5,"STANDBY",41585752,"IDLE",0,0,"dataset_2",3,0,3,1024,14,1,"PASSIVE",0,16.62,"IDLE",0,0,"image_file",0,0,0,0,0,0,"",""
58,124.297,20,41.1558,28.1558,57.1063,49.1063,1,"TRACKER_DEGRADED",15.1558,6.15577,4,2,1,6,8,5,"IDLE","none",2.21167,1.85929,0.176837,0,6,"STANDBY",41585752,"IDLE",0,0,"dataset_2",3,0,3,1024,14,1,"PASSIVE",0,16.59,"IDLE",0,0,"image_file",0,0,0,0,0,0,"",""
59,123.275,20,55.1745,42.1745,45.8256,37.8256,1,"CORRECTING",18.1745,6.17448,15,2,1,6,8,5,"THROTTLED","none",2.11439,1.78387,0.828651,1,22,"DOWNLINK",41577752,"IDLE",0,0,"dataset_2",3,0,3,1024,14,1,"PASSIVE",0,16.56,"IDLE",0,0,"image_file",0,0,0,0,0,0,"",""
60,122.165,20,55.1936,42.1936,44.9782,36.9782,1,"CORRECTING",18.1936,6.19364,15,2,1,6,8,5,"THROTTLED","none",2.02658,1.71246,0.63589,1,20,"DOWNLINK",41569752,"IDLE",0,0,"dataset_2",3,0,3,1024,14,1,"PASSIVE",0,16.53,"IDLE",0,0,"image_file",0,0,0,0,0,0,"",""
61,120.995,20,62.2114,49.2114,38.8377,30.8377,1,"TRACKER_DEGRADED",15.2114,6.21144,15,12,1,6,8,5,"THROTTLED","none",1.9477,1.6337,0.397602,0,10,"DOWNLINK",41561752,"IDLE",0,0,"dataset_2",3,0,3,1024,14,1,"HEATING",1,16.68,"IDLE",0,0,"image_file",0,0,0,0,0,0,"",""
62,119.798,20,55.2299,42.2299,43.1763,35.1763,1,"CORRECTING",18.2299,6.22989,15,2,1,6,8,5,"THROTTLED","none",1.87747,1.57683,0.550202,1,14,"DOWNLINK",41553752,"IDLE",0,0,"dataset_2",3,0,3,1024,14,1,"PASSIVE",0,16.65,"IDLE",0,0,"image_file",0,0,0,0,0,0,"",""
63,118.607,20,55.2489,42.2489,42.2685,34.2685,1,"CORRECTING",18.2489,6.24892,15,2,1,6,8,5,"THROTTLED","none",1.81538,1.53465,0.86478,1,23,"DOWNLINK",41545752,"IDLE",0,0,"dataset_2",3,0,3,1024,14,1,"PASSIVE",0,16.62,"IDLE",0,0,"image_file",0,0,0,0,0,0,"",""
64,117.454,20,55.2688,42.2688,41.3888,33.3888,1,"CORRECTING",18.2688,6.26877,15,2,1,6,8,5,"THROTTLED","none",1.76073,1.49957,0.872243,1,22,"DOWNLINK",41537752,"IDLE",0,0,"dataset_2",3,0,3,1024,14,1,"PASSIVE",0,16.59,"IDLE",0,0,"image_file",0,0,0,0,0,0,"",""
65,116.37,20,55.2844,42.2844,40.564,32.564,1,"CORRECTING",18.2844,6.28435,15,2,1,6,8,5,"THROTTLED","none",1.70387,1.4596,0.793895,1,21,"DOWNLINK",41529752,"IDLE",0,0,"dataset_2",3,0,3,1024,14,1,"PASSIVE",0,16.56,"IDLE",0,0,"image_file",0,0,0,0,0,0,"",""
66,115.383,20,59.2991,46.2991,36.8132,28.8132,1,"CORRECTING",18.2991,6.29905,15,2,1,10,8,5,"THROTTLED","none",1.64978,1.42153,0.792206,1,23,"DOWNLINK",41521752,"ACQUIRE",1,0,"dataset_2",3,1,3,1024,14,1,"PASSIVE",0,16.53,"IDLE",0,0,"image_file",0,0,0,0,0,0,"",""
67,114.519,20,58.3166,45.3166,36.9018,28.9018,1,"CORRECTING",18.3166,6.31661,4,12,1,10,8,5,"IDLE","none",1.60428,1.39515,0.959947,1,24,"STANDBY",41521752,"ACQUIRE",1,0,"dataset_2",3,2,3,1024,14,1,"HEATING",1,16.68,"IDLE",0,0,"image_file",0,0,0,0,0,0,"",""
68,113.797,20,41.3396,28.3396,49.093,41.093,1,"TRACKER_DEGRADED",15.3396,6.33961,4,2,1,6,8,5,"IDLE","none",1.57281,1.36764,0.391448,0,12,"STANDBY",41521752,"READY",0,1,"dataset_3",4,3,3,1024,14,1,"PASSIVE",0,16.65,"IDLE",0,0,"image_file",1,1,0.502268,0.0126389,0.499568,0.219298,"out_profile/full_demo/datasets/dataset_3/raw_capture_from_file.ppm","out_profile/full_demo/datasets/dataset_3/rectified_input.ppm"
69,113.231,20,41.3614,28.3614,48.6525,40.6525,1,"TRACKER_DEGRADED",15.3614,6.36136,4,2,1,6,8,5,"IDLE","none",1.5598,1.36173,0.219629,0,13,"STANDBY",41521752,"IDLE",0,0,"dataset_3",4,0,3,1024,14,1,"PASSIVE",0,16.62,"IDLE",0,0,"image_file",0,0,0,0,0,0,"",""
70,112.831,20,44.3822,31.3822,46.0863,38.0863,1,"CORRECTING",18.3822,6.38224,4,2,1,6,8,5,"IDLE","none",1.56756,1.38794,0.599993,1,15,"STANDBY",41521752,"IDLE",0,0,"dataset_3",4,0,3,1024,14,1,"PASSIVE",0,16.59,"IDLE",0,0,"image_file",0,0,0,0,0,0,"",""
71,112.597,20,41.4045,28.4045,48.1445,40.1445,1,"TRACKER_DEGRADED",15.4045,6.40453,4,2,1,6,8,5,"IDLE","none",1.59599,1.42745,0.357831,0,11,"STANDBY",41521752,"IDLE",0,0,"dataset_3",4,0,3,1024,14,1,"PASSIVE",0,16.56,"IDLE",0,0,"image_file",0,0,0,0,0,0,"",""
72,112.527,20,41.4262,28.4262,48.0753,40.0753,1,"TRACKER_DEGRADED",15.4262,6.42619,4,2,1,6,8,5,"IDLE","none",1.64308,1.48627,0.311774,0,8,"STANDBY",41521752,"IDLE",0,0,"dataset_3",4,0,3,1024,14,1,"PASSIVE",0,16.53,"IDLE",0,0,"image_file",0,0,0,0,0,0,"",""
73,112.608,20,51.4473,38.4473,40.6208,32.6208,1,"TRACKER_DEGRADED",15.4473,6.44725,4,12,1,6,8,5,"IDLE","none",1.70548,1.56048,0.431341,0,11,"STANDBY",41521752,"IDLE",0,0,"dataset_3",4,0,3,1024,14,1,"HEATING",1,16.68,"IDLE",0,0,"image_file",0,0,0,0,0,0,"",""
74,112.826,20,41.4671,28.4671,48.2694,40.2694,1,"TRACKER_DEGRADED",15.4671,6.46713,4,2,1,6,8,5,"IDLE","none",1.77917,1.64663,0.204059,0,10,"STANDBY",41521752,"IDLE",0,0,"dataset_3",4,0,3,1024,14,1,"PASSIVE",0,16.65,"IDLE",0,0,"image_file",0,0,0,0,0,0,"",""
75,113.16,20,41.4853,28.4853,48.5057,40.5057,1,"TRACKER_DEGRADED",15.4853,6.48526,4,2,1,6,8,5,"IDLE","none",1.85996,1.73879,0.0966948,0,11,"STANDBY",41521752,"IDLE",0,0,"dataset_3",4,0,3,1024,14,1,"PASSIVE",0,16.62,"IDLE",0,0,"image_file",0,0,0,0,0,0,"",""
76,113.583,20,44.5024,31.5024,46.5601,38.5601,1,"CORRECTING",18.5024,6.50237,4,2,1,6,8,5,"IDLE","none",1.94425,1.84034,0.920573,1,24,"STANDBY",41521752,"IDLE",0,0,"dataset_3",4,0,3,1024,14,1,"PASSIVE",0,16.59,"IDLE",0,0,"image_file",0,0,0,0,0,0,"",""
77,114.067,20,44.5191,31.5191,46.9108,38.9108,1,"CORRECTING",18.5191,6.51912,4,2,1,6,8,5,"IDLE","none",2.02892,1.9368,0.606567,1,20,"STANDBY",41521752,"IDLE",0,0,"dataset_3",4,0,3,1024,14,1,"PASSIVE",0,16.56,"IDLE",0,0,"image_file",0,0,0,0,0,0,"",""
78,114.582,20,44.5347,31.5347,47.2856,39.2856,1,"CORRECTING",18.5347,6.53466,4,2,1,6,8,5,"IDLE","none",2.11161,2.02998,0.782308,1,20,"STANDBY",41521752,"IDLE",0,0,"dataset_3",4,0,3,1024,14,1,"PASSIVE",0,16.53,"IDLE",0,0,"image_file",0,0,0,0,0,0,"",""
79,115.097,20,51.5501,38.5501,42.4104,34.4104,1,"TRACKER_DEGRADED",15.5501,6.55005,4,12,1,6,8,5,"IDLE","none",2.19054,2.1138,0.292497,0,23,"STANDBY",41521752,"IDLE",0,0,"dataset_3",4,0,3,1024,14,1,"HEATING",1,16.68,"IDLE",0,0,"image_file",0,0,0,0,0,0,"",""
80,115.581,20,41.5647,28.5647,50.2626,42.2626,1,"TRACKER_DEGRADED",15.5647,6.56467,4,2,1,6,8,5,"IDLE","none",2.26443,2.19199,0.058236,0,7,"STANDBY",41521752,"IDLE",0,0,"dataset_3",4,0,3,1024,14,1,"PASSIVE",0,16.65,"IDLE",0,0,"image_file",0,0,0,0,0,0,"",""
81,116.006,20,44.5788,31.5788,48.3206,40.3206,1,"CORRECTING",18.5788,6.57876,4,2,1,6,8,5,"IDLE","none",2.33247,2.26687,0.625417,1,21,"STANDBY",41521752,"IDLE",0,0,"dataset_3",4,0,3,1024,14,1,"PASSIVE",0,16.62,"IDLE",0,0,"image_file",0,0,0,0,0,0,"",""
82,116.346,20,44.5924,31.5924,48.5649,40.5649,1,"CORRECTING",18.5924,6.59235,4,2,1,6,8,5,"IDLE","none",2.39411,2.3338,0.494949,1,14,"STANDBY",41521752,"IDLE",0,0,"dataset_3",4,0,3,1024,14,1,"PASSIVE",0,16.59,"IDLE",0,0,"image_file",0,0,0,0,0,0,"",""
83,116.578,20,44.6054,31.6054,48.7292,40.7292,1,"CORRECTING",18.6054,6.60542,4,2,1,6,8,5,"IDLE","none",2.44913,2.39421,0.772724,1,23,"STANDBY",41521752,"IDLE",0,0,"dataset_3",4,0,3,1024,14,1,"PASSIVE",0,16.56,"IDLE",0,0,"image_file",0,0,0,0,0,0,"",""
84,116.686,20,44.6186,31.6186,48.8003,40.8003,1,"CORRECTING",18.6186,6.61859,4,2,1,6,8,5,"IDLE","none",2.49754,2.44742,0.697872,1,24,"STANDBY",41521752,"IDLE",0,0,"dataset_3",4,0,3,1024,14,1,"PASSIVE",0,16.53,"IDLE",0,0,"image_file",0,0,0,0,0,0,"",""
85,116.658,20,54.6319,41.6319,41.2698,33.2698,1,"CORRECTING",18.6319,6.63194,4,12,1,6,8,5,"IDLE","none",2.53942,2.4937,0.523957,1,20,"STANDBY",41521752,"IDLE",0,0,"dataset_3",4,0,3,1024,14,1,"HEATING",1,16.68,"IDLE",0,0,"image_file",0,0,0,0,0,0,"",""
86,116.49,20,44.6444,31.6444,48.6344,40.6344,1,"CORRECTING",18.6444,6.64438,4,2,1,6,8,5,"IDLE","none",2.57495,2.53236,0.493548,1,13,"STANDBY",41521752,"IDLE",0,0,"dataset_3",4,0,3,1024,14,1,"PASSIVE",0,16.65,"IDLE",0,0,"image_file",0,0,0,0,0,0,"",""
87,116.183,20,41.6568,28.6568,50.6443,42.6443,1,"TRACKER_DEGRADED",15.6568,6.65678,4,2,1,6,8,5,"IDLE","none",2.60462,2.56324,0.168627,0,7,"STANDBY",41521752,"IDLE",0,0,"dataset_3",4,0,3,1024,14,1,"PASSIVE",0,16.62,"IDLE",0,0,"image_file",0,0,0,0,0,0,"",""
88,115.743,20,45.6686,32.6686,47.3055,39.3055,1,"INIT",15.6686,6.66857,4,2,1,10,8,5,"IDLE","none",2.6289,2.58762,0,0,0,"STANDBY",41521752,"ACQUIRE",1,0,"dataset_3",4,1,3,1024,14,1,"PASSIVE",0,16.59,"IDLE",0,0,"image_file",0,0,0,0,0,0,"",""
89,115.184,20,56.6813,43.6813,38.6268,30.6268,1,"TRACKER_DEGRADED",15.6813,6.68134,15,2,1,10,8,5,"THROTTLED","none",2.64838,2.6087,0.332127,0,21,"DOWNLINK",41513752,"ACQUIRE",1,0,"dataset_3",4,2,3,1024,14,1,"PASSIVE",0,16.56,"IDLE",0,0,"image_file",0,0,0,0,0,0,"",""
90,114.525,20,52.6927,39.6927,41.1239,33.1239,1,"TRACKER_DEGRADED",15.6927,6.69267,15,2,1,6,8,5,"THROTTLED","none",2.66336,2.62262,0.194925,0,5,"DOWNLINK",41505752,"READY",0,1,"dataset_4",5,3,3,1024,14,1,"PASSIVE",0,16.53,"IDLE",0,0,"image_file",1,1,0.502268,0.0126389,0.499568,0.219298,"out_profile/full_demo/datasets/dataset_4/raw_capture_from_file.ppm","out_profile/full_demo/datasets/dataset_4/rectified_input.ppm"
91,113.789,20,65.7057,52.7057,30.8123,22.8123,1,"CORRECTING",18.7057,6.70566,15,12,1,6,8,5,"THROTTLED","none",2.67464,2.63738,0.71857,1,18,"DOWNLINK",41497752,"IDLE",0,0,"dataset_4",5,0,3,1024,14,1,"HEATING",1,16.68,"IDLE",0,0,"image_file",0,0,0,0,0,0,"",""
92,113.003,20,52.7179,39.7179,39.9642,31.9642,1,"TRACKER_DEGRADED",15.7179,6.71792,15,2,1,6,8,5,"THROTTLED","none",2.68237,2.64663,0.187544,0,6,"DOWNLINK",41489752,"IDLE",0,0,"dataset_4",5,0,3,1024,14,1,"PASSIVE",0,16.65,"IDLE",0,0,"image_file",0,0,0,0,0,0,"",""
93,112.199,20,52.7296,39.7296,39.3519,31.3519,1,"TRACKER_DEGRADED",15.7296,6.72962,15,2,1,6,8,5,"THROTTLED","none",2.68699,2.65151,0.0679993,0,6,"DOWNLINK",41481752,"IDLE",0,0,"dataset_4",5,0,3,1024,14,1,"PASSIVE",0,16.62,"IDLE",0,0,"image_file",0,0,0,0,0,0,"",""
94,111.406,20,55.7418,42.7418,36.4983,28.4983,1,"CORRECTING",18.7418,6.74181,15,2,1,6,8,5,"THROTTLED","none",2.68906,2.65493,0.505426,1,14,"DOWNLINK",41473752,"IDLE",0,0,"dataset_4",5,0,3,1024,14,1,"PASSIVE",0,16.59,"IDLE",0,0,"image_file",0,0,0,0,0,0,"",""
95,110.657,20,55.7547,42.7547,35.927,27.927,1,"CORRECTING",18.7547,6.75471,15,2,1,6,8,5,"THROTTLED","none",2.68902,2.65843,0.906807,1,25,"DOWNLINK",41465752,"IDLE",0,0,"dataset_4",5,0,3,1024,14,1,"PASSIVE",0,16.56,"IDLE",0,0,"image_file",0,0,0,0,0,0,"",""
96,109.983,20,52.7657,39.7657,37.6632,29.6632,1,"TRACKER_DEGRADED",15.7657,6.76572,15,2,1,6,8,5,"THROTTLED","none",2.68702,2.65442,0.394654,0,10,"DOWNLINK",41457752,"IDLE",0,0,"dataset_4",5,0,3,1024,14,1,"PASSIVE",0,16.53,"IDLE",0,0,"image_file",0,0,0,0,0,0,"",""
97,109.413,20,51.779,38.779,37.9751,29.9751,1,"TRACKER_DEGRADED",15.779,6.77904,4,12,1,6,8,5,"IDLE","none",2.68382,2.6516,0.371622,0,17,"STANDBY",41457752,"IDLE",0,0,"dataset_4",5,0,3,1024,14,1,"HEATING",1,16.68,"IDLE",0,0,"image_file",0,0,0,0,0,0,"",""
98,108.97,20,44.7915,31.7915,42.8839,34.8839,1,"CORRECTING",18.7915,6.79155,4,2,1,6,8,5,"IDLE","none",2.67944,2.64897,0.603539,1,18,"STANDBY",41457752,"IDLE",0,0,"dataset_4",5,0,3,1024,14,1,"PASSIVE",0,16.65,"IDLE",0,0,"image_file",0,0,0,0,0,0,"",""
99,108.677,20,44.8045,31.8045,42.6542,34.6542,1,"CORRECTING",18.8045,6.80453,4,2,1,6,8,5,"IDLE","none",2.67415,2.64666,0.889651,1,23,"STANDBY",41457752,"IDLE",0,0,"dataset_4",5,0,3,1024,14,1,"PASSIVE",0,16.62,"IDLE",0,0,"image_file",0,0,0,0,0,0,"",""
100,108.548,20,44.8169,31.8169,42.5485,34.5485,1,"CORRECTING",18.8169,6.81694,4,2,1,6,8,5,"IDLE","none",2.66807,2.64157,0.649168,1,22,"STANDBY",41457752,"IDLE",0,0,"dataset_4",5,0,3,1024,14,1,"PASSIVE",0,16.59,"IDLE",0,0,"image_file",0,0,0,0,0,0,"",""
101,108.594,20,41.8295,28.8295,44.8236,36.8236,1,"TRACKER_DEGRADED",15.8295,6.82945,4,2,1,6,8,5,"IDLE","none",2.66155,2.63405,0.418434,0,12,"STANDBY",41457752,"IDLE",0,0,"dataset_4",5,0,3,1024,14,1,"PASSIVE",0,16.56,"IDLE",0,0,"image_file",0,0,0,0,0,0,"",""
102,108.818,20,41.8425,28.8425,44.9818,36.9818,1,"TRACKER_DEGRADED",15.8425,6.84252,4,2,1,6,8,5,"IDLE","none",2.65488,2.6273,0.356603,0,9,"STANDBY",41457752,"IDLE",0,0,"dataset_4",5,0,3,1024,14,1,"PASSIVE",0,16.53,"IDLE",0,0,"image_file",0,0,0,0,0,0,"",""
103,109.217,20,51.8556,38.8556,37.7712,29.7712,1,"TRACKER_DEGRADED",15.8556,6.85561,4,12,1,6,8,5,"IDLE","none",2.64812,2.62132,0.311602,0,16,"STANDBY",41457752,"IDLE",0,0,"dataset_4",5,0,3,1024,14,1,"HEATING",1,16.68,"IDLE",0,0,"image_file",0,0,0,0,0,0,"",""
104,109.782,20,41.8685,28.8685,45.6851,37.6851,1,"TRACKER_DEGRADED",15.8685,6.86846,4,2,1,6,8,5,"IDLE","none",2.64128,2.61488,0.154825,0,5,"STANDBY",41457752,"IDLE",0,0,"dataset_4",5,0,3,1024,14,1,"PASSIVE",0,16.65,"IDLE",0,0,"image_file",0,0,0,0,0,0,"",""
105,110.497,20,41.8812,28.8812,46.212,38.212,1,"TRACKER_DEGRADED",15.8812,6.88125,4,2,1,6,8,5,"IDLE","none",2.63455,2.60831,0.261726,0,23,"STANDBY",41457752,"IDLE",0,0,"dataset_4",5,0,3,1024,14,1,"PASSIVE",0,16.62,"IDLE",0,0,"image_file",0,0,0,0,0,0,"",""
106,111.343,20,44.8939,31.8939,44.5865,36.5865,1,"CORRECTING",18.8939,6.89392,4,2,1,6,8,5,"IDLE","none",2.62805,2.60282,0.667361,1,18,"STANDBY",41457752,"IDLE",0,0,"dataset_4",5,0,3,1024,14,1,"PASSIVE",0,16.59,"IDLE",0,0,"image_file",0,0,0,0,0,0,"",""
107,112.293,20,41.9073,28.9073,47.5392,39.5392,1,"TRACKER_DEGRADED",15.9073,6.9073,4,2,1,6,8,5,"IDLE","none",2.62186,2.59718,0.320432,0,11,"STANDBY",41457752,"IDLE",0,0,"dataset_4",5,0,3,1024,14,1,"PASSIVE",0,16.56,"IDLE",0,0,"image_file",0,0,0,0,0,0,"",""
108,113.319,20,44.9205,31.9205,46.0492,38.0492,1,"CORRECTING",18.9205,6.92052,4,2,1,6,8,5,"IDLE","none",2.61595,2.59398,0.88928,1,24,"STANDBY",41457752,"IDLE",0,0,"dataset_4",5,0,3,1024,14,1,"PASSIVE",0,16.53,"IDLE",0,0,"image_file",0,0,0,0,0,0,"",""
109,114.391,20,54.9334,41.9334,39.3432,31.3432,1,"CORRECTING",18.9334,6.93343,4,12,1,6,8,5,"IDLE","none",2.61028,2.58954,0.519571,1,13,"STANDBY",41457752,"IDLE",0,0,"dataset_4",5,0,3,1024,14,1,"HEATING",1,16.68,"IDLE",0,0,"image_file",0,0,0,0,0,0,"",""
110,115.475,20,45.9469,32.9469,46.8964,38.8964,1,"TRACKER_DEGRADED",15.9469,6.94692,4,2,1,10,8,5,"IDLE","none",2.60494,2.58566,0.126058,0,19,"STANDBY",41457752,"ACQUIRE",1,0,"dataset_4",5,1,3,1024,14,1,"PASSIVE",0,16.65,"IDLE",0,0,"image_file",0,0,0,0,0,0,"",""
111,116.54,20,48.9595,35.9595,45.4354,37.4354,1,"CORRECTING",18.9595,6.95953,4,2,1,10,8,5,"IDLE","none",2.59983,2.58143,0.75552,1,19,"STANDBY",41457752,"ACQUIRE",1,0,"dataset_4",5,2,3,1024,14,1,"PASSIVE",0,16.62,"IDLE",0,0,"image_file",0,0,0,0,0,0,"",""
112,117.554,20,44.973,31.973,49.1858,41.1858,1,"CORRECTING",18.973,6.97297,4,2,1,6,8,5,"IDLE","none",2.59516,2.57835,0.451582,1,12,"STANDBY",41457752,"READY",0,1,"dataset_5",6,3,3,1024,14,1,"PASSIVE",0,16.59,"IDLE",0,0,"image_file",1,1,0.502268,0.0126389,0.499568,0.219298,"out_profile/full_demo/datasets/dataset_5/raw_capture_from_file.ppm","out_profile/full_demo/datasets/dataset_5/rectified_input.ppm"
113,118.488,20,41.9864,28.9864,52.1266,44.1266,1,"TRACKER_DEGRADED",15.9864,6.98639,4,2,1,6,8,5,"IDLE","none",2.59079,2.57504,0.225108,0,8,"STANDBY",41457752,"IDLE",0,0,"dataset_5",6,0,3,1024,14,1,"PASSIVE",0,16.56,"IDLE",0,0,"image_file",0,0,0,0,0,0,"",""
114,119.319,20,41.9987,28.9987,52.7399,44.7399,1,"TRACKER_DEGRADED",15.9987,6.99875,4,2,1,6,8,5,"IDLE","none",2.5867,2.56994,0.16292,0,5,"STANDBY",41457752,"IDLE",0,0,"dataset_5",6,0,3,1024,14,1,"PASSIVE",0,16.53,"IDLE",0,0,"image_file",0,0,0,0,0,0,"",""
115,120.024,20,55.0121,42.0121,43.509,35.509,1,"CORRECTING",19.0121,7.01208,4,12,1,6,8,5,"IDLE","none",2.58315,2.56716,0.626903,1,18,"STANDBY",41457752,"IDLE",0,0,"dataset_5",6,0,3,1024,14,1,"HEATING",1,16.68,"IDLE",0,0,"image_file",0,0,0,0,0,0,"",""
116,120.59,20,42.0255,29.0255,53.673,45.673,1,"TRACKER_DEGRADED",16.0255,7.0255,4,2,1,6,8,5,"IDLE","none",2.57999,2.5639,0.394559,0,10,"STANDBY",41457752,"IDLE",0,0,"dataset_5",6,0,3,1024,14,1,"PASSIVE",0,16.65,"IDLE",0,0,"image_file",0,0,0,0,0,0,"",""
117,121.006,20,42.0387,29.0387,53.9756,45.9756,1,"TRACKER_DEGRADED",16.0387,7.03869,4,2,1,6,8,5,"IDLE","none",2.57721,2.56147,0.0918214,0,5,"STANDBY",41457752,"IDLE",0,0,"dataset_5",6,0,3,1024,14,1,"PASSIVE",0,16.62,"IDLE",0,0,"image_file",0,0,0,0,0,0,"",""
118,121.271,20,42.0518,29.0518,54.1642,46.1642,1,"TRACKER_DEGRADED",16.0518,7.05182,4,2,1,6,8,5,"IDLE","none",2.57475,2.55872,0.393376,0,10,"STANDBY",41457752,"IDLE",0,0,"dataset_5",6,0,3,1024,14,1,"PASSIVE",0,16.59,"IDLE",0,0,"image_file",0,0,0,0,0,0,"",""
119,121.387,20,70.0653,57.0653,33.2413,25.2413,1,"CORRECTING",19.0653,7.06526,15,2,15,6,8,5,"THROTTLED","none",2.57265,2.55808,0.877511,1,22,"DOWNLINK",41449752,"IDLE",0,0,"dataset_5",6,0,3,1024,14,1,"PASSIVE",0,16.56,"CORRECTION_BURN",1,0.12,"image_file",0,0,0,0,0,0,"",""
120,121.364,20,70.0786,57.0786,33.2143,25.2143,1,"CORRECTING",19.0786,7.07864,15,2,15,6,8,5,"THROTTLED","none",2.5708,2.55777,0.515519,1,19,"DOWNLINK",41441752,"IDLE",0,0,"dataset_5",6,0,3,1024,14,1,"PASSIVE",0,16.53,"CORRECTION_BURN",1,0.12,"image_file",0,0,0,0,0,0,"",""
121,121.218,20,77.0915,64.0915,27.8451,19.8451,1,"TRACKER_DEGRADED",16.0915,7.09154,15,12,15,6,8,5,"THROTTLED","none",2.56909,2.5557,0.0608573,0,6,"DOWNLINK",41433752,"IDLE",0,0,"dataset_5",6,0,3,1024,14,1,"HEATING",1,16.68,"CORRECTION_BURN",1,0.12,"image_file",0,0,0,0,0,0,"",""
122,120.969,20,70.1049,57.1049,32.8983,24.8983,1,"CORRECTING",19.1049,7.10489,15,2,15,6,8,5,"THROTTLED","none",2.56768,2.55465,0.55964,1,14,"DOWNLINK",41425752,"IDLE",0,0,"dataset_5",6,0,3,1024,14,1,"PASSIVE",0,16.65,"CORRECTION_BURN",1,0.12,"image_file",0,0,0,0,0,0,"",""
123,120.642,20,56.1181,43.1181,43.1428,35.1428,1,"CORRECTING",19.1181,7.11815,15,2,1,6,8,5,"THROTTLED","none",2.56652,2.55415,0.520462,1,16,"DOWNLINK",41417752,"IDLE",0,0,"dataset_5",6,0,3,1024,14,1,"PASSIVE",0,16.62,"IDLE",0,0,"image_file",0,0,0,0,0,0,"",""
124,120.264,20,56.1315,43.1315,42.8493,34.8493,1,"CORRECTING",19.1315,7.13154,15,2,1,6,8,5,"THROTTLED","none",2.56553,2.55406,0.671486,1,18,"DOWNLINK",41409752,"IDLE",0,0,"dataset_5",6,0,3,1024,14,1,"PASSIVE",0,16.59,"IDLE",0,0,"image_file",0,0,0,0,0,0,"",""
125,119.866,20,53.1318,40.1318,44.8004,36.8004,1,"WHEEL_SAT",16.1318,7.13183,15,2,1,6,8,5,"THROTTLED","none",2.56468,2.5528,0.288706,0,17,"DOWNLINK",41401752,"IDLE",0,0,"dataset_5",6,0,3,1024,14,1,"PASSIVE",0,16.56,"IDLE",0,0,"image_file",0,0,0,0,0,0,"",""
126,119.478,20,53.1291,40.1291,44.5115,36.5115,1,"WHEEL_SAT",16.1291,7.12906,15,2,1,6,8,5,"THROTTLED","none",2.56402,2.55109,0.393382,0,10,"DOWNLINK",41393752,"IDLE",0,0,"dataset_5",6,0,3,1024,14,1,"PASSIVE",0,16.53,"IDLE",0,0,"image_file",0,0,0,0,0,0,"",""
127,119.131,20,52.1273,39.1273,45.0025,37.0025,1,"WHEEL_SAT",16.1273,7.1273,4,12,1,6,8,5,"IDLE","none",2.56362,2.55126,0.417452,0,12,"STANDBY",41393752,"IDLE",0,0,"dataset_5",6,0,3,1024,14,1,"HEATING",1,16.68,"IDLE",0,0,"image_file",0,0,0,0,0,0,"",""
128,118.853,20,45.1245,32.1245,50.0464,42.0464,1,"WHEEL_SAT",19.1245,7.12452,4,2,1,6,8,5,"IDLE","none",2.56326,2.55103,0.459008,1,13,"STANDBY",41393752,"IDLE",0,0,"dataset_5",6,0,3,1024,14,1,"PASSIVE",0,16.65,"IDLE",0,0,"image_file",0,0,0,0,0,0,"",""
129,118.671,20,42.1224,29.1224,52.1612,44.1612,1,"WHEEL_SAT",16.1224,7.12242,4,2,1,6,8,5,"IDLE","none",2.56303,2.55132,0.0124047,0,6,"STANDBY",41393752,"IDLE",0,0,"dataset_5",6,0,3,1024,14,1,"PASSIVE",0,16.62,"IDLE",0,0,"image_file",0,0,0,0,0,0,"",""
130,118.606,20,42.1195,29.1195,52.1147,44.1147,1,"WHEEL_SAT",16.1195,7.11952,4,2,1,6,8,5,"IDLE","none",2.56282,2.55086,0.404545,0,12,"STANDBY",41393752,"IDLE",0,0,"dataset_5",6,0,3,1024,14,1,"PASSIVE",0,16.59,"IDLE",0,0,"image_file",0,0,0,0,0,0,"",""
131,118.675,20,42.1171,29.1171,52.1686,44.1686,1,"WHEEL_SAT",16.1171,7.11712,4,2,1,6,8,5,"IDLE","none",2.56272,2.55078,0.17095,0,21,"STANDBY",41393752,"IDLE",0,0,"dataset_5",6,0,3,1024,14,1,"PASSIVE",0,16.56,"IDLE",0,0,"image_file",0,0,0,0,0,0,"",""
132,118.891,20,46.1146,33.1146,49.332,41.332,1,"WHEEL_SAT",16.1146,7.11462,4,2,1,10,8,5,"IDLE","none",2.56267,2.55073,0.419526,0,12,"STANDBY",41393752,"ACQUIRE",1,0,"dataset_5",6,1,3,1024,14,1,"PASSIVE",0,16.53,"IDLE",0,0,"image_file",0,0,0,0,0,0,"",""
133,119.257,20,56.1123,43.1123,42.1088,34.1088,1,"WHEEL_SAT",16.1123,7.11228,4,12,1,10,8,5,"IDLE","none",2.56267,2.55134,0.441783,0,13,"STANDBY",41393752,"ACQUIRE",1,0,"dataset_5",6,2,3,1024,14,1,"HEATING",1,16.68,"IDLE",0,0,"image_file",0,0,0,0,0,0,"",""
134,119.775,20,45.1095,32.1095,50.749,42.749,1,"WHEEL_SAT",19.1095,7.10949,4,2,1,6,8,5,"IDLE","none",2.56265,2.55147,0.56337,1,18,"STANDBY",41393752,"READY",0,1,"dataset_6",7,3,3,1024,14,1,"PASSIVE",0,16.65,"IDLE",0,0,"image_file",1,1,0.502268,0.0126389,0.499568,0.219298,"out_profile/full_demo/datasets/dataset_6/raw_capture_from_file.ppm","out_profile/full_demo/datasets/dataset_6/rectified_input.ppm"
135,120.436,20,45.107,32.107,51.2466,43.2466,1,"WHEEL_SAT",19.107,7.10697,4,2,1,6,8,5,"IDLE","none",2.56269,2.55188,0.502555,1,20,"STANDBY",41393752,"IDLE",0,0,"dataset_6",7,0,3,1024,14,1,"PASSIVE",0,16.62,"IDLE",0,0,"image_file",0,0,0,0,0,0,"",""
136,121.227,20,45.1043,32.1043,51.8421,43.8421,1,"WHEEL_SAT",19.1043,7.1043,4,2,1,6,8,5,"IDLE","none",2.56275,2.55282,0.909208,1,23,"STANDBY",41393752,"IDLE",0,0,"dataset_6",7,0,3,1024,14,1,"PASSIVE",0,16.59,"IDLE",0,0,"image_file",0,0,0,0,0,0,"",""
137,122.13,20,42.1019,29.1019,54.7711,46.7711,1,"WHEEL_SAT",16.1019,7.10185,4,2,1,6,8,5,"IDLE","none",2.5628,2.55309,0.392874,0,10,"STANDBY",41393752,"IDLE",0,0,"dataset_6",7,0,3,1024,14,1,"PASSIVE",0,16.56,"IDLE",0,0,"image_file",0,0,0,0,0,0,"",""
138,123.121,20,45.0992,32.0992,53.2663,45.2663,1,"WHEEL_SAT",19.0992,7.09918,4,2,1,6,8,5,"IDLE","none",2.56282,2.55389,0.578477,1,15,"STANDBY",41393752,"IDLE",0,0,"dataset_6",7,0,3,1024,14,1,"PASSIVE",0,16.53,"IDLE",0,0,"image_file",0,0,0,0,0,0,"",""
139,124.172,20,55.0965,42.0965,46.5568,38.5568,1,"WHEEL_SAT",19.0965,7.09655,4,12,1,6,8,5,"IDLE","none",2.56279,2.55411,0.60989,1,18,"STANDBY",41393752,"IDLE",0,0,"dataset_6",7,0,3,1024,14,1,"HEATING",1,16.68,"IDLE",0,0,"image_file",0,0,0,0,0,0,"",""
